Month,Region Code,Average (median) waiting time (in weeks)
2024-04-01,Y56,12.163067874642095
2024-05-01,Y56,12.47754740182945
2024-06-01,Y56,12.80098760080851
2024-07-01,Y56,12.831939968889143
2024-08-01,Y56,13.57434501240168
2024-09-01,Y56,13.665402920043862
2024-10-01,Y56,13.541465804470354
2024-11-01,Y56,13.533051626968366
2024-12-01,Y56,14.091737227103478
2025-01-01,Y56,14.212508565308346
2025-02-01,Y56,13.935036681088427
2025-03-01,Y56,12.4421039997849
2025-04-01,Y56,12.376885215060286
2025-05-01,Y56,12.900211617847885
2025-06-01,Y56,12.724030376339833
2025-07-01,Y56,12.235669786935885
2025-08-01,Y56,12.703242184819697
2025-09-01,Y56,12.560720675602424
2025-10-01,Y56,12.431170352346339
2025-11-01,Y56,11.984945251671283
2025-12-01,Y56,12.490175979040613
2026-01-01,Y56,12.900078490912547
2026-02-01,Y56,12.405423997637733
2026-03-01,Y56,10.631998091654973
2026-04-01,Y56,11.115693011578616
2024-04-01,Y58,13.03527933981915
2024-05-01,Y58,13.451979959964701
2024-06-01,Y58,13.665926863498228
2024-07-01,Y58,13.083881638535937
2024-08-01,Y58,13.497067106300266
2024-09-01,Y58,13.463215226117436
2024-10-01,Y58,13.008479324902533
2024-11-01,Y58,12.570734280160968
2024-12-01,Y58,12.840850007904544
2025-01-01,Y58,12.926772319177191
2025-02-01,Y58,12.58220903875755
2025-03-01,Y58,11.766785139210853
2025-04-01,Y58,11.702416715299814
2025-05-01,Y58,11.879853888702181
2025-06-01,Y58,11.750108627131805
2025-07-01,Y58,11.58877745977622
2025-08-01,Y58,12.076586304869057
2025-09-01,Y58,11.963754338363694
2025-10-01,Y58,11.716318899289922
2025-11-01,Y58,11.380049659002095
2025-12-01,Y58,11.912084130411113
2026-01-01,Y58,12.138471626513963
2026-02-01,Y58,11.907489159916974
2026-03-01,Y58,10.732246470037028
2026-04-01,Y58,11.019764041544844
2024-04-01,Y59,12.829773263796179
2024-05-01,Y59,12.933696906858462
2024-06-01,Y59,13.057003106329244
2024-07-01,Y59,12.993588133714299
2024-08-01,Y59,13.390463952620784
2024-09-01,Y59,13.541999682198254
2024-10-01,Y59,13.478426209827886
2024-11-01,Y59,13.376522851740537
2024-12-01,Y59,13.475408675332414
2025-01-01,Y59,13.66392957165563
2025-02-01,Y59,13.343996665716325
2025-03-01,Y59,12.952277920311086
2025-04-01,Y59,12.645616486462721
2025-05-01,Y59,12.91010811907542
2025-06-01,Y59,12.722235596364822
2025-07-01,Y59,12.56367943566865
2025-08-01,Y59,12.822171063192185
2025-09-01,Y59,12.74127605322792
2025-10-01,Y59,12.546192483137906
2025-11-01,Y59,12.309016980533753
2025-12-01,Y59,12.882689904161294
2026-01-01,Y59,13.229347167911989
2026-02-01,Y59,12.930347022690757
2026-03-01,Y59,11.365034338617262
2026-04-01,Y59,11.804976188752873
2024-04-01,Y60,14.278594927878924
2024-05-01,Y60,14.355706596209062
2024-06-01,Y60,14.270228615396805
2024-07-01,Y60,13.827574579225168
2024-08-01,Y60,14.388012275294326
2024-09-01,Y60,14.224934752102138
2024-10-01,Y60,14.055058234194105
2024-11-01,Y60,13.767607362469903
2024-12-01,Y60,14.199289008265382
2025-01-01,Y60,14.282808005885283
2025-02-01,Y60,14.421141484992827
2025-03-01,Y60,13.539316093650495
2025-04-01,Y60,13.367289370164201
2025-05-01,Y60,13.549327681447918
2025-06-01,Y60,13.278543315840649
2025-07-01,Y60,12.94656685643147
2025-08-01,Y60,13.377493587582814
2025-09-01,Y60,13.21863640642754
2025-10-01,Y60,12.98969145678846
2025-11-01,Y60,12.843656825996083
2025-12-01,Y60,13.276643305982375
2026-01-01,Y60,13.446114794485846
2026-02-01,Y60,12.874128854782908
2026-03-01,Y60,10.976260530654
2026-04-01,Y60,11.219994287679166
2024-04-01,Y61,15.99751596450542
2024-05-01,Y61,16.33397815744709
2024-06-01,Y61,16.387567587894956
2024-07-01,Y61,16.234170070745773
2024-08-01,Y61,16.82296845597894
2024-09-01,Y61,16.60560435184805
2024-10-01,Y61,16.32373307894904
2024-11-01,Y61,16.301938169984336
2024-12-01,Y61,16.712007825377434
2025-01-01,Y61,17.39710756529212
2025-02-01,Y61,16.894206121632106
2025-03-01,Y61,16.409634155628346
2025-04-01,Y61,15.518204875268006
2025-05-01,Y61,15.712408364405526
2025-06-01,Y61,15.40843509957258
2025-07-01,Y61,15.33496605631717
2025-08-01,Y61,15.581854943065032
2025-09-01,Y61,16.9281434311951
2025-10-01,Y61,15.156426862164357
2025-11-01,Y61,14.832560116870077
2025-12-01,Y61,15.275417036822999
2026-01-01,Y61,15.159166050713475
2026-02-01,Y61,14.755335214854755
2026-03-01,Y61,13.190615598723124
2026-04-01,Y61,13.334809542177835
2024-04-01,Y62,13.225596553728955
2024-05-01,Y62,13.348769425102946
2024-06-01,Y62,13.397591343776787
2024-07-01,Y62,13.224995466208597
2024-08-01,Y62,13.734210077968083
2024-09-01,Y62,13.474126010022651
2024-10-01,Y62,13.200937372689687
2024-11-01,Y62,13.008182370894524
2024-12-01,Y62,13.456293521089956
2025-01-01,Y62,13.53659185193928
2025-02-01,Y62,13.375459018527517
2025-03-01,Y62,13.089712367633867
2025-04-01,Y62,12.796407630065339
2025-05-01,Y62,13.063988435131023
2025-06-01,Y62,12.933186628755216
2025-07-01,Y62,12.797008705399863
2025-08-01,Y62,13.046102757008633
2025-09-01,Y62,12.752931372891966
2025-10-01,Y62,12.671905187786308
2025-11-01,Y62,12.643798985009875
2025-12-01,Y62,12.907878534371363
2026-01-01,Y62,12.78598148449954
2026-02-01,Y62,11.989234966018921
2026-03-01,Y62,10.451821173642541
2026-04-01,Y62,11.244186398521327
2024-04-01,Y63,12.644574670307794
2024-05-01,Y63,12.908915022795012
2024-06-01,Y63,12.619937789813374
2024-07-01,Y63,12.785229937365166
2024-08-01,Y63,13.263324468761862
2024-09-01,Y63,12.793117582709426
2024-10-01,Y63,12.699879917325037
2024-11-01,Y63,12.890007880558285
2024-12-01,Y63,13.375199884774238
2025-01-01,Y63,12.292501651776622
2025-02-01,Y63,11.79611880672713
2025-03-01,Y63,11.092402803265044
2025-04-01,Y63,11.44821784789564
2025-05-01,Y63,11.342637470106006
2025-06-01,Y63,11.174665827213662
2025-07-01,Y63,10.93732202685373
2025-08-01,Y63,11.70215407693979
2025-09-01,Y63,11.520145968632384
2025-10-01,Y63,11.523144439623996
2025-11-01,Y63,11.105820469243014
2025-12-01,Y63,11.523271484639933
2026-01-01,Y63,11.734627871268847
2026-02-01,Y63,11.47551909618835
2026-03-01,Y63,10.29801675026754
2026-04-01,Y63,10.623273577851156
